1a.sql :,"[
  {
    ""Plan"": {
      ""Node Type"": ""Aggregate"",
      ""Strategy"": ""Plain"",
      ""Partial Mode"": ""Finalize"",
      ""Parallel Aware"": false,
      ""Async Capable"": false,
      ""Startup Cost"": 54189.0,
      ""Total Cost"": 54189.01,
      ""Plan Rows"": 1,
      ""Plan Width"": 68,
      ""Actual Startup Time"": 747.331,
      ""Actual Total Time"": 755.482,
      ""Actual Rows"": 1,
      ""Actual Loops"": 1,
      ""Plans"": [
        {
          ""Node Type"": ""Gather"",
          ""Parent Relationship"": ""Outer"",
          ""Parallel Aware"": false,
          ""Async Capable"": false,
          ""Startup Cost"": 54188.78,
          ""Total Cost"": 54188.99,
          ""Plan Rows"": 2,
          ""Plan Width"": 68,
          ""Actual Startup Time"": 747.317,
          ""Actual Total Time"": 755.471,
          ""Actual Rows"": 3,
          ""Actual Loops"": 1,
          ""Workers Planned"": 2,
          ""Workers Launched"": 2,
          ""Single Copy"": false,
          ""Plans"": [
            {
              ""Node Type"": ""Aggregate"",
              ""Strategy"": ""Plain"",
              ""Partial Mode"": ""Partial"",
              ""Parent Relationship"": ""Outer"",
              ""Parallel Aware"": false,
              ""Async Capable"": false,
              ""Startup Cost"": 53188.78,
              ""Total Cost"": 53188.79,
              ""Plan Rows"": 1,
              ""Plan Width"": 68,
              ""Actual Startup Time"": 733.043,
              ""Actual Total Time"": 733.049,
              ""Actual Rows"": 1,
              ""Actual Loops"": 3,
              ""Workers"": [],
              ""Plans"": [
                {
                  ""Node Type"": ""Nested Loop"",
                  ""Parent Relationship"": ""Outer"",
                  ""Parallel Aware"": false,
                  ""Async Capable"": false,
                  ""Join Type"": ""Inner"",
                  ""Startup Cost"": 37889.14,
                  ""Total Cost"": 53188.4,
                  ""Plan Rows"": 50,
                  ""Plan Width"": 45,
                  ""Actual Startup Time"": 732.114,
                  ""Actual Total Time"": 733.012,
                  ""Actual Rows"": 47,
                  ""Actual Loops"": 3,
                  ""Inner Unique"": true,
                  ""Join Filter"": ""(t.id = mc.movie_id)"",
                  ""Rows Removed by Join Filter"": 0,
                  ""Workers"": [],
                  ""Plans"": [
                    {
                      ""Node Type"": ""Hash Join"",
                      ""Parent Relationship"": ""Outer"",
                      ""Parallel Aware"": true,
                      ""Async Capable"": false,
                      ""Join Type"": ""Inner"",
                      ""Startup Cost"": 37888.71,
                      ""Total Cost"": 53159.18,
                      ""Plan Rows"": 50,
                      ""Plan Width"": 32,
                      ""Actual Startup Time"": 732.07,
                      ""Actual Total Time"": 732.292,
                      ""Actual Rows"": 47,
                      ""Actual Loops"": 3,
                      ""Inner Unique"": false,
                      ""Hash Cond"": ""(mi_idx.movie_id = mc.movie_id)"",
                      ""Workers"": [],
                      ""Plans"": [
                        {
                          ""Node Type"": ""Hash Join"",
                          ""Parent Relationship"": ""Outer"",
                          ""Parallel Aware"": false,
                          ""Async Capable"": false,
                          ""Join Type"": ""Inner"",
                          ""Startup Cost"": 2.43,
                          ""Total Cost"": 15253.6,
                          ""Plan Rows"": 5089,
                          ""Plan Width"": 4,
                          ""Actual Startup Time"": 182.651,
                          ""Actual Total Time"": 182.713,
                          ""Actual Rows"": 83,
                          ""Actual Loops"": 3,
                          ""Inner Unique"": true,
                          ""Hash Cond"": ""(mi_idx.info_type_id = it.id)"",
                          ""Workers"": [],
                          ""Plans"": [
                            {
                              ""Node Type"": ""Seq Scan"",
                              ""Parent Relationship"": ""Outer"",
                              ""Parallel Aware"": true,
                              ""Async Capable"": false,
                              ""Relation Name"": ""movie_info_idx"",
                              ""Alias"": ""mi_idx"",
                              ""Startup Cost"": 0.0,
                              ""Total Cost"": 13685.15,
                              ""Plan Rows"": 575015,
                              ""Plan Width"": 8,
                              ""Actual Startup Time"": 0.136,
                              ""Actual Total Time"": 90.977,
                              ""Actual Rows"": 460012,
                              ""Actual Loops"": 3,
                              ""Workers"": []
                            },
                            {
                              ""Node Type"": ""Hash"",
                              ""Parent Relationship"": ""Inner"",
                              ""Parallel Aware"": false,
                              ""Async Capable"": false,
                              ""Startup Cost"": 2.41,
                              ""Total Cost"": 2.41,
                              ""Plan Rows"": 1,
                              ""Plan Width"": 4,
                              ""Actual Startup Time"": 0.094,
                              ""Actual Total Time"": 0.095,
                              ""Actual Rows"": 1,
                              ""Actual Loops"": 3,
                              ""Hash Buckets"": 1024,
                              ""Original Hash Buckets"": 1024,
                              ""Hash Batches"": 1,
                              ""Original Hash Batches"": 1,
                              ""Peak Memory Usage"": 9,
                              ""Workers"": [],
                              ""Plans"": [
                                {
                                  ""Node Type"": ""Seq Scan"",
                                  ""Parent Relationship"": ""Outer"",
                                  ""Parallel Aware"": false,
                                  ""Async Capable"": false,
                                  ""Relation Name"": ""info_type"",
                                  ""Alias"": ""it"",
                                  ""Startup Cost"": 0.0,
                                  ""Total Cost"": 2.41,
                                  ""Plan Rows"": 1,
                                  ""Plan Width"": 4,
                                  ""Actual Startup Time"": 0.082,
                                  ""Actual Total Time"": 0.083,
                                  ""Actual Rows"": 1,
                                  ""Actual Loops"": 3,
                                  ""Filter"": ""((info)::text = 'top 250 rank'::text)"",
                                  ""Rows Removed by Filter"": 112,
                                  ""Workers"": []
                                }
                              ]
                            }
                          ]
                        },
                        {
                          ""Node Type"": ""Hash"",
                          ""Parent Relationship"": ""Inner"",
                          ""Parallel Aware"": true,
                          ""Async Capable"": false,
                          ""Startup Cost"": 37860.16,
                          ""Total Cost"": 37860.16,
                          ""Plan Rows"": 2090,
                          ""Plan Width"": 28,
                          ""Actual Startup Time"": 549.229,
                          ""Actual Total Time"": 549.231,
                          ""Actual Rows"": 9552,
                          ""Actual Loops"": 3,
                          ""Hash Buckets"": 32768,
                          ""Original Hash Buckets"": 8192,
                          ""Hash Batches"": 1,
                          ""Original Hash Batches"": 1,
                          ""Peak Memory Usage"": 2080,
                          ""Workers"": [],
                          ""Plans"": [
                            {
                              ""Node Type"": ""Hash Join"",
                              ""Parent Relationship"": ""Outer"",
                              ""Parallel Aware"": false,
                              ""Async Capable"": false,
                              ""Join Type"": ""Inner"",
                              ""Startup Cost"": 1.06,
                              ""Total Cost"": 37860.16,
                              ""Plan Rows"": 2090,
                              ""Plan Width"": 28,
                              ""Actual Startup Time"": 47.512,
                              ""Actual Total Time"": 540.694,
                              ""Actual Rows"": 9552,
                              ""Actual Loops"": 3,
                              ""Inner Unique"": true,
                              ""Hash Cond"": ""(mc.company_type_id = ct.id)"",
                              ""Workers"": [],
                              ""Plans"": [
                                {
                                  ""Node Type"": ""Seq Scan"",
                                  ""Parent Relationship"": ""Outer"",
                                  ""Parallel Aware"": true,
                                  ""Async Capable"": false,
                                  ""Relation Name"": ""movie_companies"",
                                  ""Alias"": ""mc"",
                                  ""Startup Cost"": 0.0,
                                  ""Total Cost"": 37813.9,
                                  ""Plan Rows"": 8361,
                                  ""Plan Width"": 32,
                                  ""Actual Startup Time"": 45.416,
                                  ""Actual Total Time"": 536.436,
                                  ""Actual Rows"": 9630,
                                  ""Actual Loops"": 3,
                                  ""Filter"": ""((note !~~ '%(as Metro-Goldwyn-Mayer Pictures)%'::text) AND ((note ~~ '%(co-production)%'::text) OR (note ~~ '%(presents)%'::text)))"",
                                  ""Rows Removed by Filter"": 860080,
                                  ""Workers"": []
                                },
                                {
                                  ""Node Type"": ""Hash"",
                                  ""Parent Relationship"": ""Inner"",
                                  ""Parallel Aware"": false,
                                  ""Async Capable"": false,
                                  ""Startup Cost"": 1.05,
                                  ""Total Cost"": 1.05,
                                  ""Plan Rows"": 1,
                                  ""Plan Width"": 4,
                                  ""Actual Startup Time"": 0.097,
                                  ""Actual Total Time"": 0.098,
                                  ""Actual Rows"": 1,
                                  ""Actual Loops"": 3,
                                  ""Hash Buckets"": 1024,
                                  ""Original Hash Buckets"": 1024,
                                  ""Hash Batches"": 1,
                                  ""Original Hash Batches"": 1,
                                  ""Peak Memory Usage"": 9,
                                  ""Workers"": [],
                                  ""Plans"": [
                                    {
                                      ""Node Type"": ""Seq Scan"",
                                      ""Parent Relationship"": ""Outer"",
                                      ""Parallel Aware"": false,
                                      ""Async Capable"": false,
                                      ""Relation Name"": ""company_type"",
                                      ""Alias"": ""ct"",
                                      ""Startup Cost"": 0.0,
                                      ""Total Cost"": 1.05,
                                      ""Plan Rows"": 1,
                                      ""Plan Width"": 4,
                                      ""Actual Startup Time"": 0.078,
                                      ""Actual Total Time"": 0.08,
                                      ""Actual Rows"": 1,
                                      ""Actual Loops"": 3,
                                      ""Filter"": ""((kind)::text = 'production companies'::text)"",
                                      ""Rows Removed by Filter"": 3,
                                      ""Workers"": []
                                    }
                                  ]
                                }
                              ]
                            }
                          ]
                        }
                      ]
                    },
                    {
                      ""Node Type"": ""Index Scan"",
                      ""Parent Relationship"": ""Inner"",
                      ""Parallel Aware"": false,
                      ""Async Capable"": false,
                      ""Scan Direction"": ""Forward"",
                      ""Index Name"": ""title_pkey"",
                      ""Relation Name"": ""title"",
                      ""Alias"": ""t"",
                      ""Startup Cost"": 0.43,
                      ""Total Cost"": 0.57,
                      ""Plan Rows"": 1,
                      ""Plan Width"": 25,
                      ""Actual Startup Time"": 0.014,
                      ""Actual Total Time"": 0.014,
                      ""Actual Rows"": 1,
                      ""Actual Loops"": 142,
                      ""Index Cond"": ""(id = mi_idx.movie_id)"",
                      ""Rows Removed by Index Recheck"": 0,
                      ""Workers"": []
                    }
                  ]
                }
              ]
            }
          ]
        }
      ]
    },
    ""Planning Time"": 9.348,
    ""Triggers"": [],
    ""Execution Time"": 755.878
  }
]"
1b.sql :,"[
  {
    ""Plan"": {
      ""Node Type"": ""Aggregate"",
      ""Strategy"": ""Plain"",
      ""Partial Mode"": ""Finalize"",
      ""Parallel Aware"": false,
      ""Async Capable"": false,
      ""Startup Cost"": 52897.63,
      ""Total Cost"": 52897.64,
      ""Plan Rows"": 1,
      ""Plan Width"": 68,
      ""Actual Startup Time"": 689.778,
      ""Actual Total Time"": 692.668,
      ""Actual Rows"": 1,
      ""Actual Loops"": 1,
      ""Plans"": [
        {
          ""Node Type"": ""Gather"",
          ""Parent Relationship"": ""Outer"",
          ""Parallel Aware"": false,
          ""Async Capable"": false,
          ""Startup Cost"": 52897.41,
          ""Total Cost"": 52897.62,
          ""Plan Rows"": 2,
          ""Plan Width"": 68,
          ""Actual Startup Time"": 689.608,
          ""Actual Total Time"": 692.659,
          ""Actual Rows"": 3,
          ""Actual Loops"": 1,
          ""Workers Planned"": 2,
          ""Workers Launched"": 2,
          ""Single Copy"": false,
          ""Plans"": [
            {
              ""Node Type"": ""Aggregate"",
              ""Strategy"": ""Plain"",
              ""Partial Mode"": ""Partial"",
              ""Parent Relationship"": ""Outer"",
              ""Parallel Aware"": false,
              ""Async Capable"": false,
              ""Startup Cost"": 51897.41,
              ""Total Cost"": 51897.42,
              ""Plan Rows"": 1,
              ""Plan Width"": 68,
              ""Actual Startup Time"": 684.003,
              ""Actual Total Time"": 684.01,
              ""Actual Rows"": 1,
              ""Actual Loops"": 3,
              ""Workers"": [],
              ""Plans"": [
                {
                  ""Node Type"": ""Nested Loop"",
                  ""Parent Relationship"": ""Outer"",
                  ""Parallel Aware"": false,
                  ""Async Capable"": false,
                  ""Join Type"": ""Inner"",
                  ""Startup Cost"": 15318.71,
                  ""Total Cost"": 51890.19,
                  ""Plan Rows"": 962,
                  ""Plan Width"": 45,
                  ""Actual Startup Time"": 662.745,
                  ""Actual Total Time"": 683.994,
                  ""Actual Rows"": 1,
                  ""Actual Loops"": 3,
                  ""Inner Unique"": true,
                  ""Workers"": [],
                  ""Plans"": [
                    {
                      ""Node Type"": ""Hash Join"",
                      ""Parent Relationship"": ""Outer"",
                      ""Parallel Aware"": false,
                      ""Async Capable"": false,
                      ""Join Type"": ""Inner"",
                      ""Startup Cost"": 15318.28,
                      ""Total Cost"": 49928.13,
                      ""Plan Rows"": 3382,
                      ""Plan Width"": 32,
                      ""Actual Startup Time"": 647.688,
                      ""Actual Total Time"": 683.909,
                      ""Actual Rows"": 2,
                      ""Actual Loops"": 3,
                      ""Inner Unique"": true,
                      ""Hash Cond"": ""(mc.company_type_id = ct.id)"",
                      ""Workers"": [],
                      ""Plans"": [
                        {
                          ""Node Type"": ""Hash Join"",
                          ""Parent Relationship"": ""Outer"",
                          ""Parallel Aware"": true,
                          ""Async Capable"": false,
                          ""Join Type"": ""Inner"",
                          ""Startup Cost"": 15317.21,
                          ""Total Cost"": 49853.91,
                          ""Plan Rows"": 13531,
                          ""Plan Width"": 36,
                          ""Actual Startup Time"": 410.28,
                          ""Actual Total Time"": 683.707,
                          ""Actual Rows"": 33,
                          ""Actual Loops"": 3,
                          ""Inner Unique"": false,
                          ""Hash Cond"": ""(mc.movie_id = mi_idx.movie_id)"",
                          ""Workers"": [],
                          ""Plans"": [
                            {
                              ""Node Type"": ""Seq Scan"",
                              ""Parent Relationship"": ""Outer"",
                              ""Parallel Aware"": true,
                              ""Async Capable"": false,
                              ""Relation Name"": ""movie_companies"",
                              ""Alias"": ""mc"",
                              ""Startup Cost"": 0.0,
                              ""Total Cost"": 32378.21,
                              ""Plan Rows"": 560561,
                              ""Plan Width"": 32,
                              ""Actual Startup Time"": 0.126,
                              ""Actual Total Time"": 387.543,
                              ""Actual Rows"": 445696,
                              ""Actual Loops"": 3,
                              ""Filter"": ""(note !~~ '%(as Metro-Goldwyn-Mayer Pictures)%'::text)"",
                              ""Rows Removed by Filter"": 424014,
                              ""Workers"": []
                            },
                            {
                              ""Node Type"": ""Hash"",
                              ""Parent Relationship"": ""Inner"",
                              ""Parallel Aware"": true,
                              ""Async Capable"": false,
                              ""Startup Cost"": 15253.6,
                              ""Total Cost"": 15253.6,
                              ""Plan Rows"": 5089,
                              ""Plan Width"": 4,
                              ""Actual Startup Time"": 205.516,
                              ""Actual Total Time"": 205.518,
                              ""Actual Rows"": 3,
                              ""Actual Loops"": 3,
                              ""Hash Buckets"": 16384,
                              ""Original Hash Buckets"": 16384,
                              ""Hash Batches"": 1,
                              ""Original Hash Batches"": 1,
                              ""Peak Memory Usage"": 160,
                              ""Workers"": [],
                              ""Plans"": [
                                {
                                  ""Node Type"": ""Hash Join"",
                                  ""Parent Relationship"": ""Outer"",
                                  ""Parallel Aware"": false,
                                  ""Async Capable"": false,
                                  ""Join Type"": ""Inner"",
                                  ""Startup Cost"": 2.43,
                                  ""Total Cost"": 15253.6,
                                  ""Plan Rows"": 5089,
                                  ""Plan Width"": 4,
                                  ""Actual Startup Time"": 205.431,
                                  ""Actual Total Time"": 205.434,
                                  ""Actual Rows"": 3,
                                  ""Actual Loops"": 3,
                                  ""Inner Unique"": true,
                                  ""Hash Cond"": ""(mi_idx.info_type_id = it.id)"",
                                  ""Workers"": [],
                                  ""Plans"": [
                                    {
                                      ""Node Type"": ""Seq Scan"",
                                      ""Parent Relationship"": ""Outer"",
                                      ""Parallel Aware"": true,
                                      ""Async Capable"": false,
                                      ""Relation Name"": ""movie_info_idx"",
                                      ""Alias"": ""mi_idx"",
                                      ""Startup Cost"": 0.0,
                                      ""Total Cost"": 13685.15,
                                      ""Plan Rows"": 575015,
                                      ""Plan Width"": 8,
                                      ""Actual Startup Time"": 0.077,
                                      ""Actual Total Time"": 103.505,
                                      ""Actual Rows"": 460012,
                                      ""Actual Loops"": 3,
                                      ""Workers"": []
                                    },
                                    {
                                      ""Node Type"": ""Hash"",
                                      ""Parent Relationship"": ""Inner"",
                                      ""Parallel Aware"": false,
                                      ""Async Capable"": false,
                                      ""Startup Cost"": 2.41,
                                      ""Total Cost"": 2.41,
                                      ""Plan Rows"": 1,
                                      ""Plan Width"": 4,
                                      ""Actual Startup Time"": 0.068,
                                      ""Actual Total Time"": 0.069,
                                      ""Actual Rows"": 1,
                                      ""Actual Loops"": 3,
                                      ""Hash Buckets"": 1024,
                                      ""Original Hash Buckets"": 1024,
                                      ""Hash Batches"": 1,
                                      ""Original Hash Batches"": 1,
                                      ""Peak Memory Usage"": 9,
                                      ""Workers"": [],
                                      ""Plans"": [
                                        {
                                          ""Node Type"": ""Seq Scan"",
                                          ""Parent Relationship"": ""Outer"",
                                          ""Parallel Aware"": false,
                                          ""Async Capable"": false,
                                          ""Relation Name"": ""info_type"",
                                          ""Alias"": ""it"",
                                          ""Startup Cost"": 0.0,
                                          ""Total Cost"": 2.41,
                                          ""Plan Rows"": 1,
                                          ""Plan Width"": 4,
                                          ""Actual Startup Time"": 0.062,
                                          ""Actual Total Time"": 0.063,
                                          ""Actual Rows"": 1,
                                          ""Actual Loops"": 3,
                                          ""Filter"": ""((info)::text = 'bottom 10 rank'::text)"",
                                          ""Rows Removed by Filter"": 112,
                                          ""Workers"": []
                                        }
                                      ]
                                    }
                                  ]
                                }
                              ]
                            }
                          ]
                        },
                        {
                          ""Node Type"": ""Hash"",
                          ""Parent Relationship"": ""Inner"",
                          ""Parallel Aware"": false,
                          ""Async Capable"": false,
                          ""Startup Cost"": 1.05,
                          ""Total Cost"": 1.05,
                          ""Plan Rows"": 1,
                          ""Plan Width"": 4,
                          ""Actual Startup Time"": 0.074,
                          ""Actual Total Time"": 0.075,
                          ""Actual Rows"": 1,
                          ""Actual Loops"": 3,
                          ""Hash Buckets"": 1024,
                          ""Original Hash Buckets"": 1024,
                          ""Hash Batches"": 1,
                          ""Original Hash Batches"": 1,
                          ""Peak Memory Usage"": 9,
                          ""Workers"": [],
                          ""Plans"": [
                            {
                              ""Node Type"": ""Seq Scan"",
                              ""Parent Relationship"": ""Outer"",
                              ""Parallel Aware"": false,
                              ""Async Capable"": false,
                              ""Relation Name"": ""company_type"",
                              ""Alias"": ""ct"",
                              ""Startup Cost"": 0.0,
                              ""Total Cost"": 1.05,
                              ""Plan Rows"": 1,
                              ""Plan Width"": 4,
                              ""Actual Startup Time"": 0.062,
                              ""Actual Total Time"": 0.063,
                              ""Actual Rows"": 1,
                              ""Actual Loops"": 3,
                              ""Filter"": ""((kind)::text = 'production companies'::text)"",
                              ""Rows Removed by Filter"": 3,
                              ""Workers"": []
                            }
                          ]
                        }
                      ]
                    },
                    {
                      ""Node Type"": ""Index Scan"",
                      ""Parent Relationship"": ""Inner"",
                      ""Parallel Aware"": false,
                      ""Async Capable"": false,
                      ""Scan Direction"": ""Forward"",
                      ""Index Name"": ""title_pkey"",
                      ""Relation Name"": ""title"",
                      ""Alias"": ""t"",
                      ""Startup Cost"": 0.43,
                      ""Total Cost"": 0.58,
                      ""Plan Rows"": 1,
                      ""Plan Width"": 25,
                      ""Actual Startup Time"": 0.042,
                      ""Actual Total Time"": 0.042,
                      ""Actual Rows"": 1,
                      ""Actual Loops"": 5,
                      ""Index Cond"": ""(id = mc.movie_id)"",
                      ""Rows Removed by Index Recheck"": 0,
                      ""Filter"": ""((production_year >= 2005) AND (production_year <= 2010))"",
                      ""Rows Removed by Filter"": 0,
                      ""Workers"": []
                    }
                  ]
                }
              ]
            }
          ]
        }
      ]
    },
    ""Planning Time"": 0.986,
    ""Triggers"": [],
    ""Execution Time"": 692.786
  }
]"
1c.sql :,"[
  {
    ""Plan"": {
      ""Node Type"": ""Aggregate"",
      ""Strategy"": ""Plain"",
      ""Partial Mode"": ""Finalize"",
      ""Parallel Aware"": false,
      ""Async Capable"": false,
      ""Startup Cost"": 51421.79,
      ""Total Cost"": 51421.8,
      ""Plan Rows"": 1,
      ""Plan Width"": 68,
      ""Actual Startup Time"": 734.85,
      ""Actual Total Time"": 737.39,
      ""Actual Rows"": 1,
      ""Actual Loops"": 1,
      ""Plans"": [
        {
          ""Node Type"": ""Gather"",
          ""Parent Relationship"": ""Outer"",
          ""Parallel Aware"": false,
          ""Async Capable"": false,
          ""Startup Cost"": 51421.56,
          ""Total Cost"": 51421.77,
          ""Plan Rows"": 2,
          ""Plan Width"": 68,
          ""Actual Startup Time"": 734.185,
          ""Actual Total Time"": 737.381,
          ""Actual Rows"": 3,
          ""Actual Loops"": 1,
          ""Workers Planned"": 2,
          ""Workers Launched"": 2,
          ""Single Copy"": false,
          ""Plans"": [
            {
              ""Node Type"": ""Aggregate"",
              ""Strategy"": ""Plain"",
              ""Partial Mode"": ""Partial"",
              ""Parent Relationship"": ""Outer"",
              ""Parallel Aware"": false,
              ""Async Capable"": false,
              ""Startup Cost"": 50421.56,
              ""Total Cost"": 50421.57,
              ""Plan Rows"": 1,
              ""Plan Width"": 68,
              ""Actual Startup Time"": 727.403,
              ""Actual Total Time"": 727.41,
              ""Actual Rows"": 1,
              ""Actual Loops"": 3,
              ""Workers"": [],
              ""Plans"": [
                {
                  ""Node Type"": ""Nested Loop"",
                  ""Parent Relationship"": ""Outer"",
                  ""Parallel Aware"": false,
                  ""Async Capable"": false,
                  ""Join Type"": ""Inner"",
                  ""Startup Cost"": 35136.33,
                  ""Total Cost"": 50421.53,
                  ""Plan Rows"": 4,
                  ""Plan Width"": 45,
                  ""Actual Startup Time"": 727.307,
                  ""Actual Total Time"": 727.396,
                  ""Actual Rows"": 1,
                  ""Actual Loops"": 3,
                  ""Inner Unique"": true,
                  ""Join Filter"": ""(t.id = mc.movie_id)"",
                  ""Rows Removed by Join Filter"": 0,
                  ""Workers"": [],
                  ""Plans"": [
                    {
                      ""Node Type"": ""Hash Join"",
                      ""Parent Relationship"": ""Outer"",
                      ""Parallel Aware"": true,
                      ""Async Capable"": false,
                      ""Join Type"": ""Inner"",
                      ""Startup Cost"": 35135.9,
                      ""Total Cost"": 50406.27,
                      ""Plan Rows"": 26,
                      ""Plan Width"": 32,
                      ""Actual Startup Time"": 727.188,
                      ""Actual Total Time"": 727.309,
                      ""Actual Rows"": 8,
                      ""Actual Loops"": 3,
                      ""Inner Unique"": false,
                      ""Hash Cond"": ""(mi_idx.movie_id = mc.movie_id)"",
                      ""Workers"": [],
                      ""Plans"": [
                        {
                          ""Node Type"": ""Hash Join"",
                          ""Parent Relationship"": ""Outer"",
                          ""Parallel Aware"": false,
                          ""Async Capable"": false,
                          ""Join Type"": ""Inner"",
                          ""Startup Cost"": 2.43,
                          ""Total Cost"": 15253.6,
                          ""Plan Rows"": 5089,
                          ""Plan Width"": 4,
                          ""Actual Startup Time"": 251.191,
                          ""Actual Total Time"": 251.226,
                          ""Actual Rows"": 83,
                          ""Actual Loops"": 3,
                          ""Inner Unique"": true,
                          ""Hash Cond"": ""(mi_idx.info_type_id = it.id)"",
                          ""Workers"": [],
                          ""Plans"": [
                            {
                              ""Node Type"": ""Seq Scan"",
                              ""Parent Relationship"": ""Outer"",
                              ""Parallel Aware"": true,
                              ""Async Capable"": false,
                              ""Relation Name"": ""movie_info_idx"",
                              ""Alias"": ""mi_idx"",
                              ""Startup Cost"": 0.0,
                              ""Total Cost"": 13685.15,
                              ""Plan Rows"": 575015,
                              ""Plan Width"": 8,
                              ""Actual Startup Time"": 0.159,
                              ""Actual Total Time"": 135.877,
                              ""Actual Rows"": 460012,
                              ""Actual Loops"": 3,
                              ""Workers"": []
                            },
                            {
                              ""Node Type"": ""Hash"",
                              ""Parent Relationship"": ""Inner"",
                              ""Parallel Aware"": false,
                              ""Async Capable"": false,
                              ""Startup Cost"": 2.41,
                              ""Total Cost"": 2.41,
                              ""Plan Rows"": 1,
                              ""Plan Width"": 4,
                              ""Actual Startup Time"": 0.266,
                              ""Actual Total Time"": 0.267,
                              ""Actual Rows"": 1,
                              ""Actual Loops"": 3,
                              ""Hash Buckets"": 1024,
                              ""Original Hash Buckets"": 1024,
                              ""Hash Batches"": 1,
                              ""Original Hash Batches"": 1,
                              ""Peak Memory Usage"": 9,
                              ""Workers"": [],
                              ""Plans"": [
                                {
                                  ""Node Type"": ""Seq Scan"",
                                  ""Parent Relationship"": ""Outer"",
                                  ""Parallel Aware"": false,
                                  ""Async Capable"": false,
                                  ""Relation Name"": ""info_type"",
                                  ""Alias"": ""it"",
                                  ""Startup Cost"": 0.0,
                                  ""Total Cost"": 2.41,
                                  ""Plan Rows"": 1,
                                  ""Plan Width"": 4,
                                  ""Actual Startup Time"": 0.255,
                                  ""Actual Total Time"": 0.256,
                                  ""Actual Rows"": 1,
                                  ""Actual Loops"": 3,
                                  ""Filter"": ""((info)::text = 'top 250 rank'::text)"",
                                  ""Rows Removed by Filter"": 112,
                                  ""Workers"": []
                                }
                              ]
                            }
                          ]
                        },
                        {
                          ""Node Type"": ""Hash"",
                          ""Parent Relationship"": ""Inner"",
                          ""Parallel Aware"": true,
                          ""Async Capable"": false,
                          ""Startup Cost"": 35120.17,
                          ""Total Cost"": 35120.17,
                          ""Plan Rows"": 1065,
                          ""Plan Width"": 28,
                          ""Actual Startup Time"": 475.814,
                          ""Actual Total Time"": 475.817,
                          ""Actual Rows"": 5937,
                          ""Actual Loops"": 3,
                          ""Hash Buckets"": 32768,
                          ""Original Hash Buckets"": 4096,
                          ""Hash Batches"": 1,
                          ""Original Hash Batches"": 1,
                          ""Peak Memory Usage"": 1536,
                          ""Workers"": [],
                          ""Plans"": [
                            {
                              ""Node Type"": ""Hash Join"",
                              ""Parent Relationship"": ""Outer"",
                              ""Parallel Aware"": false,
                              ""Async Capable"": false,
                              ""Join Type"": ""Inner"",
                              ""Startup Cost"": 1.06,
                              ""Total Cost"": 35120.17,
                              ""Plan Rows"": 1065,
                              ""Plan Width"": 28,
                              ""Actual Startup Time"": 103.607,
                              ""Actual Total Time"": 460.655,
                              ""Actual Rows"": 5937,
                              ""Actual Loops"": 3,
                              ""Inner Unique"": true,
                              ""Hash Cond"": ""(mc.company_type_id = ct.id)"",
                              ""Workers"": [],
                              ""Plans"": [
                                {
                                  ""Node Type"": ""Seq Scan"",
                                  ""Parent Relationship"": ""Outer"",
                                  ""Parallel Aware"": true,
                                  ""Async Capable"": false,
                                  ""Relation Name"": ""movie_companies"",
                                  ""Alias"": ""mc"",
                                  ""Startup Cost"": 0.0,
                                  ""Total Cost"": 35096.06,
                                  ""Plan Rows"": 4262,
                                  ""Plan Width"": 32,
                                  ""Actual Startup Time"": 63.972,
                                  ""Actual Total Time"": 456.784,
                                  ""Actual Rows"": 5939,
                                  ""Actual Loops"": 3,
                                  ""Filter"": ""((note !~~ '%(as Metro-Goldwyn-Mayer Pictures)%'::text) AND (note ~~ '%(co-production)%'::text))"",
                                  ""Rows Removed by Filter"": 863771,
                                  ""Workers"": []
                                },
                                {
                                  ""Node Type"": ""Hash"",
                                  ""Parent Relationship"": ""Inner"",
                                  ""Parallel Aware"": false,
                                  ""Async Capable"": false,
                                  ""Startup Cost"": 1.05,
                                  ""Total Cost"": 1.05,
                                  ""Plan Rows"": 1,
                                  ""Plan Width"": 4,
                                  ""Actual Startup Time"": 0.086,
                                  ""Actual Total Time"": 0.086,
                                  ""Actual Rows"": 1,
                                  ""Actual Loops"": 3,
                                  ""Hash Buckets"": 1024,
                                  ""Original Hash Buckets"": 1024,
                                  ""Hash Batches"": 1,
                                  ""Original Hash Batches"": 1,
                                  ""Peak Memory Usage"": 9,
                                  ""Workers"": [],
                                  ""Plans"": [
                                    {
                                      ""Node Type"": ""Seq Scan"",
                                      ""Parent Relationship"": ""Outer"",
                                      ""Parallel Aware"": false,
                                      ""Async Capable"": false,
                                      ""Relation Name"": ""company_type"",
                                      ""Alias"": ""ct"",
                                      ""Startup Cost"": 0.0,
                                      ""Total Cost"": 1.05,
                                      ""Plan Rows"": 1,
                                      ""Plan Width"": 4,
                                      ""Actual Startup Time"": 0.072,
                                      ""Actual Total Time"": 0.073,
                                      ""Actual Rows"": 1,
                                      ""Actual Loops"": 3,
                                      ""Filter"": ""((kind)::text = 'production companies'::text)"",
                                      ""Rows Removed by Filter"": 3,
                                      ""Workers"": []
                                    }
                                  ]
                                }
                              ]
                            }
                          ]
                        }
                      ]
                    },
                    {
                      ""Node Type"": ""Index Scan"",
                      ""Parent Relationship"": ""Inner"",
                      ""Parallel Aware"": false,
                      ""Async Capable"": false,
                      ""Scan Direction"": ""Forward"",
                      ""Index Name"": ""title_pkey"",
                      ""Relation Name"": ""title"",
                      ""Alias"": ""t"",
                      ""Startup Cost"": 0.43,
                      ""Total Cost"": 0.57,
                      ""Plan Rows"": 1,
                      ""Plan Width"": 25,
                      ""Actual Startup Time"": 0.01,
                      ""Actual Total Time"": 0.01,
                      ""Actual Rows"": 0,
                      ""Actual Loops"": 23,
                      ""Index Cond"": ""(id = mi_idx.movie_id)"",
                      ""Rows Removed by Index Recheck"": 0,
                      ""Filter"": ""(production_year > 2010)"",
                      ""Rows Removed by Filter"": 1,
                      ""Workers"": []
                    }
                  ]
                }
              ]
            }
          ]
        }
      ]
    },
    ""Planning Time"": 0.88,
    ""Triggers"": [],
    ""Execution Time"": 737.467
  }
]"
1d.sql :,"[
  {
    ""Plan"": {
      ""Node Type"": ""Aggregate"",
      ""Strategy"": ""Plain"",
      ""Partial Mode"": ""Finalize"",
      ""Parallel Aware"": false,
      ""Async Capable"": false,
      ""Startup Cost"": 52895.75,
      ""Total Cost"": 52895.76,
      ""Plan Rows"": 1,
      ""Plan Width"": 68,
      ""Actual Startup Time"": 588.493,
      ""Actual Total Time"": 591.519,
      ""Actual Rows"": 1,
      ""Actual Loops"": 1,
      ""Plans"": [
        {
          ""Node Type"": ""Gather"",
          ""Parent Relationship"": ""Outer"",
          ""Parallel Aware"": false,
          ""Async Capable"": false,
          ""Startup Cost"": 52895.52,
          ""Total Cost"": 52895.73,
          ""Plan Rows"": 2,
          ""Plan Width"": 68,
          ""Actual Startup Time"": 588.276,
          ""Actual Total Time"": 591.508,
          ""Actual Rows"": 3,
          ""Actual Loops"": 1,
          ""Workers Planned"": 2,
          ""Workers Launched"": 2,
          ""Single Copy"": false,
          ""Plans"": [
            {
              ""Node Type"": ""Aggregate"",
              ""Strategy"": ""Plain"",
              ""Partial Mode"": ""Partial"",
              ""Parent Relationship"": ""Outer"",
              ""Parallel Aware"": false,
              ""Async Capable"": false,
              ""Startup Cost"": 51895.52,
              ""Total Cost"": 51895.53,
              ""Plan Rows"": 1,
              ""Plan Width"": 68,
              ""Actual Startup Time"": 582.955,
              ""Actual Total Time"": 582.961,
              ""Actual Rows"": 1,
              ""Actual Loops"": 3,
              ""Workers"": [],
              ""Plans"": [
                {
                  ""Node Type"": ""Nested Loop"",
                  ""Parent Relationship"": ""Outer"",
                  ""Parallel Aware"": false,
                  ""Async Capable"": false,
                  ""Join Type"": ""Inner"",
                  ""Startup Cost"": 15318.71,
                  ""Total Cost"": 51881.74,
                  ""Plan Rows"": 1838,
                  ""Plan Width"": 45,
                  ""Actual Startup Time"": 563.458,
                  ""Actual Total Time"": 582.946,
                  ""Actual Rows"": 1,
                  ""Actual Loops"": 3,
                  ""Inner Unique"": true,
                  ""Workers"": [],
                  ""Plans"": [
                    {
                      ""Node Type"": ""Hash Join"",
                      ""Parent Relationship"": ""Outer"",
                      ""Parallel Aware"": false,
                      ""Async Capable"": false,
                      ""Join Type"": ""Inner"",
                      ""Startup Cost"": 15318.28,
                      ""Total Cost"": 49928.13,
                      ""Plan Rows"": 3382,
                      ""Plan Width"": 32,
                      ""Actual Startup Time"": 563.409,
                      ""Actual Total Time"": 582.879,
                      ""Actual Rows"": 2,
                      ""Actual Loops"": 3,
                      ""Inner Unique"": true,
                      ""Hash Cond"": ""(mc.company_type_id = ct.id)"",
                      ""Workers"": [],
                      ""Plans"": [
                        {
                          ""Node Type"": ""Hash Join"",
                          ""Parent Relationship"": ""Outer"",
                          ""Parallel Aware"": true,
                          ""Async Capable"": false,
                          ""Join Type"": ""Inner"",
                          ""Startup Cost"": 15317.21,
                          ""Total Cost"": 49853.91,
                          ""Plan Rows"": 13531,
                          ""Plan Width"": 36,
                          ""Actual Startup Time"": 321.91,
                          ""Actual Total Time"": 582.663,
                          ""Actual Rows"": 33,
                          ""Actual Loops"": 3,
                          ""Inner Unique"": false,
                          ""Hash Cond"": ""(mc.movie_id = mi_idx.movie_id)"",
                          ""Workers"": [],
                          ""Plans"": [
                            {
                              ""Node Type"": ""Seq Scan"",
                              ""Parent Relationship"": ""Outer"",
                              ""Parallel Aware"": true,
                              ""Async Capable"": false,
                              ""Relation Name"": ""movie_companies"",
                              ""Alias"": ""mc"",
                              ""Startup Cost"": 0.0,
                              ""Total Cost"": 32378.21,
                              ""Plan Rows"": 560561,
                              ""Plan Width"": 32,
                              ""Actual Startup Time"": 0.112,
                              ""Actual Total Time"": 313.985,
                              ""Actual Rows"": 445696,
                              ""Actual Loops"": 3,
                              ""Filter"": ""(note !~~ '%(as Metro-Goldwyn-Mayer Pictures)%'::text)"",
                              ""Rows Removed by Filter"": 424014,
                              ""Workers"": []
                            },
                            {
                              ""Node Type"": ""Hash"",
                              ""Parent Relationship"": ""Inner"",
                              ""Parallel Aware"": true,
                              ""Async Capable"": false,
                              ""Startup Cost"": 15253.6,
                              ""Total Cost"": 15253.6,
                              ""Plan Rows"": 5089,
                              ""Plan Width"": 4,
                              ""Actual Startup Time"": 189.871,
                              ""Actual Total Time"": 189.874,
                              ""Actual Rows"": 3,
                              ""Actual Loops"": 3,
                              ""Hash Buckets"": 16384,
                              ""Original Hash Buckets"": 16384,
                              ""Hash Batches"": 1,
                              ""Original Hash Batches"": 1,
                              ""Peak Memory Usage"": 160,
                              ""Workers"": [],
                              ""Plans"": [
                                {
                                  ""Node Type"": ""Hash Join"",
                                  ""Parent Relationship"": ""Outer"",
                                  ""Parallel Aware"": false,
                                  ""Async Capable"": false,
                                  ""Join Type"": ""Inner"",
                                  ""Startup Cost"": 2.43,
                                  ""Total Cost"": 15253.6,
                                  ""Plan Rows"": 5089,
                                  ""Plan Width"": 4,
                                  ""Actual Startup Time"": 188.181,
                                  ""Actual Total Time"": 188.186,
                                  ""Actual Rows"": 3,
                                  ""Actual Loops"": 3,
                                  ""Inner Unique"": true,
                                  ""Hash Cond"": ""(mi_idx.info_type_id = it.id)"",
                                  ""Workers"": [],
                                  ""Plans"": [
                                    {
                                      ""Node Type"": ""Seq Scan"",
                                      ""Parent Relationship"": ""Outer"",
                                      ""Parallel Aware"": true,
                                      ""Async Capable"": false,
                                      ""Relation Name"": ""movie_info_idx"",
                                      ""Alias"": ""mi_idx"",
                                      ""Startup Cost"": 0.0,
                                      ""Total Cost"": 13685.15,
                                      ""Plan Rows"": 575015,
                                      ""Plan Width"": 8,
                                      ""Actual Startup Time"": 0.081,
                                      ""Actual Total Time"": 92.003,
                                      ""Actual Rows"": 460012,
                                      ""Actual Loops"": 3,
                                      ""Workers"": []
                                    },
                                    {
                                      ""Node Type"": ""Hash"",
                                      ""Parent Relationship"": ""Inner"",
                                      ""Parallel Aware"": false,
                                      ""Async Capable"": false,
                                      ""Startup Cost"": 2.41,
                                      ""Total Cost"": 2.41,
                                      ""Plan Rows"": 1,
                                      ""Plan Width"": 4,
                                      ""Actual Startup Time"": 0.054,
                                      ""Actual Total Time"": 0.055,
                                      ""Actual Rows"": 1,
                                      ""Actual Loops"": 3,
                                      ""Hash Buckets"": 1024,
                                      ""Original Hash Buckets"": 1024,
                                      ""Hash Batches"": 1,
                                      ""Original Hash Batches"": 1,
                                      ""Peak Memory Usage"": 9,
                                      ""Workers"": [],
                                      ""Plans"": [
                                        {
                                          ""Node Type"": ""Seq Scan"",
                                          ""Parent Relationship"": ""Outer"",
                                          ""Parallel Aware"": false,
                                          ""Async Capable"": false,
                                          ""Relation Name"": ""info_type"",
                                          ""Alias"": ""it"",
                                          ""Startup Cost"": 0.0,
                                          ""Total Cost"": 2.41,
                                          ""Plan Rows"": 1,
                                          ""Plan Width"": 4,
                                          ""Actual Startup Time"": 0.049,
                                          ""Actual Total Time"": 0.05,
                                          ""Actual Rows"": 1,
                                          ""Actual Loops"": 3,
                                          ""Filter"": ""((info)::text = 'bottom 10 rank'::text)"",
                                          ""Rows Removed by Filter"": 112,
                                          ""Workers"": []
                                        }
                                      ]
                                    }
                                  ]
                                }
                              ]
                            }
                          ]
                        },
                        {
                          ""Node Type"": ""Hash"",
                          ""Parent Relationship"": ""Inner"",
                          ""Parallel Aware"": false,
                          ""Async Capable"": false,
                          ""Startup Cost"": 1.05,
                          ""Total Cost"": 1.05,
                          ""Plan Rows"": 1,
                          ""Plan Width"": 4,
                          ""Actual Startup Time"": 0.085,
                          ""Actual Total Time"": 0.085,
                          ""Actual Rows"": 1,
                          ""Actual Loops"": 3,
                          ""Hash Buckets"": 1024,
                          ""Original Hash Buckets"": 1024,
                          ""Hash Batches"": 1,
                          ""Original Hash Batches"": 1,
                          ""Peak Memory Usage"": 9,
                          ""Workers"": [],
                          ""Plans"": [
                            {
                              ""Node Type"": ""Seq Scan"",
                              ""Parent Relationship"": ""Outer"",
                              ""Parallel Aware"": false,
                              ""Async Capable"": false,
                              ""Relation Name"": ""company_type"",
                              ""Alias"": ""ct"",
                              ""Startup Cost"": 0.0,
                              ""Total Cost"": 1.05,
                              ""Plan Rows"": 1,
                              ""Plan Width"": 4,
                              ""Actual Startup Time"": 0.072,
                              ""Actual Total Time"": 0.073,
                              ""Actual Rows"": 1,
                              ""Actual Loops"": 3,
                              ""Filter"": ""((kind)::text = 'production companies'::text)"",
                              ""Rows Removed by Filter"": 3,
                              ""Workers"": []
                            }
                          ]
                        }
                      ]
                    },
                    {
                      ""Node Type"": ""Index Scan"",
                      ""Parent Relationship"": ""Inner"",
                      ""Parallel Aware"": false,
                      ""Async Capable"": false,
                      ""Scan Direction"": ""Forward"",
                      ""Index Name"": ""title_pkey"",
                      ""Relation Name"": ""title"",
                      ""Alias"": ""t"",
                      ""Startup Cost"": 0.43,
                      ""Total Cost"": 0.58,
                      ""Plan Rows"": 1,
                      ""Plan Width"": 25,
                      ""Actual Startup Time"": 0.034,
                      ""Actual Total Time"": 0.034,
                      ""Actual Rows"": 1,
                      ""Actual Loops"": 5,
                      ""Index Cond"": ""(id = mc.movie_id)"",
                      ""Rows Removed by Index Recheck"": 0,
                      ""Filter"": ""(production_year > 2000)"",
                      ""Rows Removed by Filter"": 0,
                      ""Workers"": []
                    }
                  ]
                }
              ]
            }
          ]
        }
      ]
    },
    ""Planning Time"": 0.706,
    ""Triggers"": [],
    ""Execution Time"": 591.628
  }
]"
2a.sql :,"[
  {
    ""Plan"": {
      ""Node Type"": ""Aggregate"",
      ""Strategy"": ""Plain"",
      ""Partial Mode"": ""Finalize"",
      ""Parallel Aware"": false,
      ""Async Capable"": false,
      ""Startup Cost"": 85649.9,
      ""Total Cost"": 85649.91,
      ""Plan Rows"": 1,
      ""Plan Width"": 32,
      ""Actual Startup Time"": 4566.425,
      ""Actual Total Time"": 4575.058,
      ""Actual Rows"": 1,
      ""Actual Loops"": 1,
      ""Plans"": [
        {
          ""Node Type"": ""Gather"",
          ""Parent Relationship"": ""Outer"",
          ""Parallel Aware"": false,
          ""Async Capable"": false,
          ""Startup Cost"": 85649.69,
          ""Total Cost"": 85649.9,
          ""Plan Rows"": 2,
          ""Plan Width"": 32,
          ""Actual Startup Time"": 4562.722,
          ""Actual Total Time"": 4575.046,
          ""Actual Rows"": 3,
          ""Actual Loops"": 1,
          ""Workers Planned"": 2,
          ""Workers Launched"": 2,
          ""Single Copy"": false,
          ""Plans"": [
            {
              ""Node Type"": ""Aggregate"",
              ""Strategy"": ""Plain"",
              ""Partial Mode"": ""Partial"",
              ""Parent Relationship"": ""Outer"",
              ""Parallel Aware"": false,
              ""Async Capable"": false,
              ""Startup Cost"": 84649.69,
              ""Total Cost"": 84649.7,
              ""Plan Rows"": 1,
              ""Plan Width"": 32,
              ""Actual Startup Time"": 4557.564,
              ""Actual Total Time"": 4557.57,
              ""Actual Rows"": 1,
              ""Actual Loops"": 3,
              ""Workers"": [],
              ""Plans"": [
                {
                  ""Node Type"": ""Nested Loop"",
                  ""Parent Relationship"": ""Outer"",
                  ""Parallel Aware"": false,
                  ""Async Capable"": false,
                  ""Join Type"": ""Inner"",
                  ""Startup Cost"": 50879.08,
                  ""Total Cost"": 84649.68,
                  ""Plan Rows"": 3,
                  ""Plan Width"": 17,
                  ""Actual Startup Time"": 3391.231,
                  ""Actual Total Time"": 4556.286,
                  ""Actual Rows"": 2611,
                  ""Actual Loops"": 3,
                  ""Inner Unique"": true,
                  ""Join Filter"": ""(t.id = mc.movie_id)"",
                  ""Rows Removed by Join Filter"": 0,
                  ""Workers"": [],
                  ""Plans"": [
                    {
                      ""Node Type"": ""Nested Loop"",
                      ""Parent Relationship"": ""Outer"",
                      ""Parallel Aware"": false,
                      ""Async Capable"": false,
                      ""Join Type"": ""Inner"",
                      ""Startup Cost"": 50878.65,
                      ""Total Cost"": 84648.19,
                      ""Plan Rows"": 3,
                      ""Plan Width"": 8,
                      ""Actual Startup Time"": 3391.184,
                      ""Actual Total Time"": 4519.282,
                      ""Actual Rows"": 2611,
                      ""Actual Loops"": 3,
                      ""Inner Unique"": true,
                      ""Workers"": [],
                      ""Plans"": [
                        {
                          ""Node Type"": ""Hash Join"",
                          ""Parent Relationship"": ""Outer"",
                          ""Parallel Aware"": true,
                          ""Async Capable"": false,
                          ""Join Type"": ""Inner"",
                          ""Startup Cost"": 50878.23,
                          ""Total Cost"": 84615.66,
                          ""Plan Rows"": 73,
                          ""Plan Width"": 12,
                          ""Actual Startup Time"": 3389.541,
                          ""Actual Total Time"": 4134.533,
                          ""Actual Rows"": 49517,
                          ""Actual Loops"": 3,
                          ""Inner Unique"": false,
                          ""Hash Cond"": ""(mc.movie_id = mk.movie_id)"",
                          ""Workers"": [],
                          ""Plans"": [
                            {
                              ""Node Type"": ""Seq Scan"",
                              ""Parent Relationship"": ""Outer"",
                              ""Parallel Aware"": true,
                              ""Async Capable"": false,
                              ""Relation Name"": ""movie_companies"",
                              ""Alias"": ""mc"",
                              ""Startup Cost"": 0.0,
                              ""Total Cost"": 29660.37,
                              ""Plan Rows"": 1087137,
                              ""Plan Width"": 8,
                              ""Actual Startup Time"": 0.115,
                              ""Actual Total Time"": 308.946,
                              ""Actual Rows"": 869710,
                              ""Actual Loops"": 3,
                              ""Workers"": []
                            },
                            {
                              ""Node Type"": ""Hash"",
                              ""Parent Relationship"": ""Inner"",
                              ""Parallel Aware"": true,
                              ""Async Capable"": false,
                              ""Startup Cost"": 50878.05,
                              ""Total Cost"": 50878.05,
                              ""Plan Rows"": 14,
                              ""Plan Width"": 4,
                              ""Actual Startup Time"": 3389.237,
                              ""Actual Total Time"": 3389.239,
                              ""Actual Rows"": 13947,
                              ""Actual Loops"": 3,
                              ""Hash Buckets"": 65536,
                              ""Original Hash Buckets"": 1024,
                              ""Hash Batches"": 1,
                              ""Original Hash Batches"": 1,
                              ""Peak Memory Usage"": 2712,
                              ""Workers"": [],
                              ""Plans"": [
                                {
                                  ""Node Type"": ""Hash Join"",
                                  ""Parent Relationship"": ""Outer"",
                                  ""Parallel Aware"": false,
                                  ""Async Capable"": false,
                                  ""Join Type"": ""Inner"",
                                  ""Startup Cost"": 2626.14,
                                  ""Total Cost"": 50878.05,
                                  ""Plan Rows"": 14,
                                  ""Plan Width"": 4,
                                  ""Actual Startup Time"": 27.219,
                                  ""Actual Total Time"": 3176.124,
                                  ""Actual Rows"": 13947,
                                  ""Actual Loops"": 3,
                                  ""Inner Unique"": true,
                                  ""Hash Cond"": ""(mk.keyword_id = k.id)"",
                                  ""Workers"": [],
                                  ""Plans"": [
                                    {
                                      ""Node Type"": ""Seq Scan"",
                                      ""Parent Relationship"": ""Outer"",
                                      ""Parallel Aware"": true,
                                      ""Async Capable"": false,
                                      ""Relation Name"": ""movie_keyword"",
                                      ""Alias"": ""mk"",
                                      ""Startup Cost"": 0.0,
                                      ""Total Cost"": 43303.71,
                                      ""Plan Rows"": 1884971,
                                      ""Plan Width"": 8,
                                      ""Actual Startup Time"": 0.393,
                                      ""Actual Total Time"": 2874.123,
                                      ""Actual Rows"": 1507977,
                                      ""Actual Loops"": 3,
                                      ""Workers"": []
                                    },
                                    {
                                      ""Node Type"": ""Hash"",
                                      ""Parent Relationship"": ""Inner"",
                                      ""Parallel Aware"": false,
                                      ""Async Capable"": false,
                                      ""Startup Cost"": 2626.12,
                                      ""Total Cost"": 2626.12,
                                      ""Plan Rows"": 1,
                                      ""Plan Width"": 4,
                                      ""Actual Startup Time"": 26.645,
                                      ""Actual Total Time"": 26.646,
                                      ""Actual Rows"": 1,
                                      ""Actual Loops"": 3,
                                      ""Hash Buckets"": 1024,
                                      ""Original Hash Buckets"": 1024,
                                      ""Hash Batches"": 1,
                                      ""Original Hash Batches"": 1,
                                      ""Peak Memory Usage"": 9,
                                      ""Workers"": [],
                                      ""Plans"": [
                                        {
                                          ""Node Type"": ""Seq Scan"",
                                          ""Parent Relationship"": ""Outer"",
                                          ""Parallel Aware"": false,
                                          ""Async Capable"": false,
                                          ""Relation Name"": ""keyword"",
                                          ""Alias"": ""k"",
                                          ""Startup Cost"": 0.0,
                                          ""Total Cost"": 2626.12,
                                          ""Plan Rows"": 1,
                                          ""Plan Width"": 4,
                                          ""Actual Startup Time"": 0.966,
                                          ""Actual Total Time"": 26.634,
                                          ""Actual Rows"": 1,
                                          ""Actual Loops"": 3,
                                          ""Filter"": ""(keyword = 'character-name-in-title'::text)"",
                                          ""Rows Removed by Filter"": 134169,
                                          ""Workers"": []
                                        }
                                      ]
                                    }
                                  ]
                                }
                              ]
                            }
                          ]
                        },
                        {
                          ""Node Type"": ""Index Scan"",
                          ""Parent Relationship"": ""Inner"",
                          ""Parallel Aware"": false,
                          ""Async Capable"": false,
                          ""Scan Direction"": ""Forward"",
                          ""Index Name"": ""company_name_pkey"",
                          ""Relation Name"": ""company_name"",
                          ""Alias"": ""cn"",
                          ""Startup Cost"": 0.42,
                          ""Total Cost"": 0.45,
                          ""Plan Rows"": 1,
                          ""Plan Width"": 4,
                          ""Actual Startup Time"": 0.007,
                          ""Actual Total Time"": 0.007,
                          ""Actual Rows"": 0,
                          ""Actual Loops"": 148552,
                          ""Index Cond"": ""(id = mc.company_id)"",
                          ""Rows Removed by Index Recheck"": 0,
                          ""Filter"": ""((country_code)::text = '[de]'::text)"",
                          ""Rows Removed by Filter"": 1,
                          ""Workers"": []
                        }
                      ]
                    },
                    {
                      ""Node Type"": ""Index Scan"",
                      ""Parent Relationship"": ""Inner"",
                      ""Parallel Aware"": false,
                      ""Async Capable"": false,
                      ""Scan Direction"": ""Forward"",
                      ""Index Name"": ""title_pkey"",
                      ""Relation Name"": ""title"",
                      ""Alias"": ""t"",
                      ""Startup Cost"": 0.43,
                      ""Total Cost"": 0.49,
                      ""Plan Rows"": 1,
                      ""Plan Width"": 21,
                      ""Actual Startup Time"": 0.013,
                      ""Actual Total Time"": 0.013,
                      ""Actual Rows"": 1,
                      ""Actual Loops"": 7834,
                      ""Index Cond"": ""(id = mk.movie_id)"",
                      ""Rows Removed by Index Recheck"": 0,
                      ""Workers"": []
                    }
                  ]
                }
              ]
            }
          ]
        }
      ]
    },
    ""Planning Time"": 2.583,
    ""Triggers"": [],
    ""Execution Time"": 4575.125
  }
]"
2b.sql :,"[
  {
    ""Plan"": {
      ""Node Type"": ""Aggregate"",
      ""Strategy"": ""Plain"",
      ""Partial Mode"": ""Simple"",
      ""Parallel Aware"": false,
      ""Async Capable"": false,
      ""Startup Cost"": 85648.89,
      ""Total Cost"": 85648.9,
      ""Plan Rows"": 1,
      ""Plan Width"": 32,
      ""Actual Startup Time"": 1728.016,
      ""Actual Total Time"": 1735.816,
      ""Actual Rows"": 1,
      ""Actual Loops"": 1,
      ""Plans"": [
        {
          ""Node Type"": ""Gather"",
          ""Parent Relationship"": ""Outer"",
          ""Parallel Aware"": false,
          ""Async Capable"": false,
          ""Startup Cost"": 51879.08,
          ""Total Cost"": 85648.89,
          ""Plan Rows"": 2,
          ""Plan Width"": 17,
          ""Actual Startup Time"": 914.611,
          ""Actual Total Time"": 1734.143,
          ""Actual Rows"": 5228,
          ""Actual Loops"": 1,
          ""Workers Planned"": 2,
          ""Workers Launched"": 2,
          ""Single Copy"": false,
          ""Plans"": [
            {
              ""Node Type"": ""Nested Loop"",
              ""Parent Relationship"": ""Outer"",
              ""Parallel Aware"": false,
              ""Async Capable"": false,
              ""Join Type"": ""Inner"",
              ""Startup Cost"": 50879.08,
              ""Total Cost"": 84648.69,
              ""Plan Rows"": 1,
              ""Plan Width"": 17,
              ""Actual Startup Time"": 902.287,
              ""Actual Total Time"": 1708.163,
              ""Actual Rows"": 1743,
              ""Actual Loops"": 3,
              ""Inner Unique"": true,
              ""Join Filter"": ""(t.id = mc.movie_id)"",
              ""Rows Removed by Join Filter"": 0,
              ""Workers"": [],
              ""Plans"": [
                {
                  ""Node Type"": ""Nested Loop"",
                  ""Parent Relationship"": ""Outer"",
                  ""Parallel Aware"": false,
                  ""Async Capable"": false,
                  ""Join Type"": ""Inner"",
                  ""Startup Cost"": 50878.65,
                  ""Total Cost"": 84648.19,
                  ""Plan Rows"": 1,
                  ""Plan Width"": 8,
                  ""Actual Startup Time"": 902.224,
                  ""Actual Total Time"": 1690.023,
                  ""Actual Rows"": 1743,
                  ""Actual Loops"": 3,
                  ""Inner Unique"": true,
                  ""Workers"": [],
                  ""Plans"": [
                    {
                      ""Node Type"": ""Hash Join"",
                      ""Parent Relationship"": ""Outer"",
                      ""Parallel Aware"": true,
                      ""Async Capable"": false,
                      ""Join Type"": ""Inner"",
                      ""Startup Cost"": 50878.23,
                      ""Total Cost"": 84615.66,
                      ""Plan Rows"": 73,
                      ""Plan Width"": 12,
                      ""Actual Startup Time"": 894.03,
                      ""Actual Total Time"": 1423.912,
                      ""Actual Rows"": 49517,
                      ""Actual Loops"": 3,
                      ""Inner Unique"": false,
                      ""Hash Cond"": ""(mc.movie_id = mk.movie_id)"",
                      ""Workers"": [],
                      ""Plans"": [
                        {
                          ""Node Type"": ""Seq Scan"",
                          ""Parent Relationship"": ""Outer"",
                          ""Parallel Aware"": true,
                          ""Async Capable"": false,
                          ""Relation Name"": ""movie_companies"",
                          ""Alias"": ""mc"",
                          ""Startup Cost"": 0.0,
                          ""Total Cost"": 29660.37,
                          ""Plan Rows"": 1087137,
                          ""Plan Width"": 8,
                          ""Actual Startup Time"": 0.136,
                          ""Actual Total Time"": 223.07,
                          ""Actual Rows"": 869710,
                          ""Actual Loops"": 3,
                          ""Workers"": []
                        },
                        {
                          ""Node Type"": ""Hash"",
                          ""Parent Relationship"": ""Inner"",
                          ""Parallel Aware"": true,
                          ""Async Capable"": false,
                          ""Startup Cost"": 50878.05,
                          ""Total Cost"": 50878.05,
                          ""Plan Rows"": 14,
                          ""Plan Width"": 4,
                          ""Actual Startup Time"": 893.501,
                          ""Actual Total Time"": 893.504,
                          ""Actual Rows"": 13947,
                          ""Actual Loops"": 3,
                          ""Hash Buckets"": 65536,
                          ""Original Hash Buckets"": 1024,
                          ""Hash Batches"": 1,
                          ""Original Hash Batches"": 1,
                          ""Peak Memory Usage"": 2680,
                          ""Workers"": [],
                          ""Plans"": [
                            {
                              ""Node Type"": ""Hash Join"",
                              ""Parent Relationship"": ""Outer"",
                              ""Parallel Aware"": false,
                              ""Async Capable"": false,
                              ""Join Type"": ""Inner"",
                              ""Startup Cost"": 2626.14,
                              ""Total Cost"": 50878.05,
                              ""Plan Rows"": 14,
                              ""Plan Width"": 4,
                              ""Actual Startup Time"": 57.789,
                              ""Actual Total Time"": 810.082,
                              ""Actual Rows"": 13947,
                              ""Actual Loops"": 3,
                              ""Inner Unique"": true,
                              ""Hash Cond"": ""(mk.keyword_id = k.id)"",
                              ""Workers"": [],
                              ""Plans"": [
                                {
                                  ""Node Type"": ""Seq Scan"",
                                  ""Parent Relationship"": ""Outer"",
                                  ""Parallel Aware"": true,
                                  ""Async Capable"": false,
                                  ""Relation Name"": ""movie_keyword"",
                                  ""Alias"": ""mk"",
                                  ""Startup Cost"": 0.0,
                                  ""Total Cost"": 43303.71,
                                  ""Plan Rows"": 1884971,
                                  ""Plan Width"": 8,
                                  ""Actual Startup Time"": 0.133,
                                  ""Actual Total Time"": 374.594,
                                  ""Actual Rows"": 1507977,
                                  ""Actual Loops"": 3,
                                  ""Workers"": []
                                },
                                {
                                  ""Node Type"": ""Hash"",
                                  ""Parent Relationship"": ""Inner"",
                                  ""Parallel Aware"": false,
                                  ""Async Capable"": false,
                                  ""Startup Cost"": 2626.12,
                                  ""Total Cost"": 2626.12,
                                  ""Plan Rows"": 1,
                                  ""Plan Width"": 4,
                                  ""Actual Startup Time"": 57.484,
                                  ""Actual Total Time"": 57.485,
                                  ""Actual Rows"": 1,
                                  ""Actual Loops"": 3,
                                  ""Hash Buckets"": 1024,
                                  ""Original Hash Buckets"": 1024,
                                  ""Hash Batches"": 1,
                                  ""Original Hash Batches"": 1,
                                  ""Peak Memory Usage"": 9,
                                  ""Workers"": [],
                                  ""Plans"": [
                                    {
                                      ""Node Type"": ""Seq Scan"",
                                      ""Parent Relationship"": ""Outer"",
                                      ""Parallel Aware"": false,
                                      ""Async Capable"": false,
                                      ""Relation Name"": ""keyword"",
                                      ""Alias"": ""k"",
                                      ""Startup Cost"": 0.0,
                                      ""Total Cost"": 2626.12,
                                      ""Plan Rows"": 1,
                                      ""Plan Width"": 4,
                                      ""Actual Startup Time"": 2.538,
                                      ""Actual Total Time"": 57.467,
                                      ""Actual Rows"": 1,
                                      ""Actual Loops"": 3,
                                      ""Filter"": ""(keyword = 'character-name-in-title'::text)"",
                                      ""Rows Removed by Filter"": 134169,
                                      ""Workers"": []
                                    }
                                  ]
                                }
                              ]
                            }
                          ]
                        }
                      ]
                    },
                    {
                      ""Node Type"": ""Index Scan"",
                      ""Parent Relationship"": ""Inner"",
                      ""Parallel Aware"": false,
                      ""Async Capable"": false,
                      ""Scan Direction"": ""Forward"",
                      ""Index Name"": ""company_name_pkey"",
                      ""Relation Name"": ""company_name"",
                      ""Alias"": ""cn"",
                      ""Startup Cost"": 0.42,
                      ""Total Cost"": 0.45,
                      ""Plan Rows"": 1,
                      ""Plan Width"": 4,
                      ""Actual Startup Time"": 0.005,
                      ""Actual Total Time"": 0.005,
                      ""Actual Rows"": 0,
                      ""Actual Loops"": 148552,
                      ""Index Cond"": ""(id = mc.company_id)"",
                      ""Rows Removed by Index Recheck"": 0,
                      ""Filter"": ""((country_code)::text = '[nl]'::text)"",
                      ""Rows Removed by Filter"": 1,
                      ""Workers"": []
                    }
                  ]
                },
                {
                  ""Node Type"": ""Index Scan"",
                  ""Parent Relationship"": ""Inner"",
                  ""Parallel Aware"": false,
                  ""Async Capable"": false,
                  ""Scan Direction"": ""Forward"",
                  ""Index Name"": ""title_pkey"",
                  ""Relation Name"": ""title"",
                  ""Alias"": ""t"",
                  ""Startup Cost"": 0.43,
                  ""Total Cost"": 0.49,
                  ""Plan Rows"": 1,
                  ""Plan Width"": 21,
                  ""Actual Startup Time"": 0.009,
                  ""Actual Total Time"": 0.009,
                  ""Actual Rows"": 1,
                  ""Actual Loops"": 5228,
                  ""Index Cond"": ""(id = mk.movie_id)"",
                  ""Rows Removed by Index Recheck"": 0,
                  ""Workers"": []
                }
              ]
            }
          ]
        }
      ]
    },
    ""Planning Time"": 1.003,
    ""Triggers"": [],
    ""Execution Time"": 1735.934
  }
]"
